-- ============================================================
-- PLOW Seed Data
-- ============================================================
-- 실행: supabase db reset (마이그레이션 적용 후 자동 실행)
--
-- 트리거 자동 처리 목록 (수동 INSERT 불필요):
--   - on_auth_user_created  → public.users 자동 생성
--   - on_organization_created → owner를 org_members에 자동 추가
--   - on_project_created → lead를 project_members에 자동 추가
-- ============================================================

-- ────────────────────────────────────────────────────────────
-- 0. 고정 UUID 선언
-- ────────────────────────────────────────────────────────────
-- Users
-- u1: 김민재 (대표, org owner)
-- u2: 박신디 (프론트엔드 리드)
-- u3: 고연오 (백엔드 리드)
-- u4: 박현수 (디자이너)
-- u5: 진승연 (프론트엔드 개발자)
-- u6: 김미소 (백엔드 개발자)

-- ────────────────────────────────────────────────────────────
-- 1. Auth Users (→ 트리거가 public.users 자동 생성)
-- ────────────────────────────────────────────────────────────
-- 비밀번호: 전부 "password123"
-- bcrypt hash: $2a$10$abcdefghijklmnopqrstuuABCDEFGHIJKLMNOPQRSTUVWXYZ012345

INSERT INTO auth.users (
    id, instance_id, aud, role, email, encrypted_password,
    email_confirmed_at, confirmed_at,
    raw_app_meta_data, raw_user_meta_data,
    created_at, updated_at,
    confirmation_token, recovery_token
) VALUES
    ('a1111111-1111-1111-1111-111111111111', '00000000-0000-0000-0000-000000000000',
     'authenticated', 'authenticated', 'minjae@plow.dev',
     crypt('password123', gen_salt('bf')),
     now(), now(),
     '{"provider":"email","providers":["email"]}'::jsonb,
     '{"first_name":"민재","last_name":"김","nickname":"MJ","email_verified":true}'::jsonb,
     now(), now(), '', ''),

    ('a2222222-2222-2222-2222-222222222222', '00000000-0000-0000-0000-000000000000',
     'authenticated', 'authenticated', 'cindy@plow.dev',
     crypt('password123', gen_salt('bf')),
     now(), now(),
     '{"provider":"email","providers":["email"]}'::jsonb,
     '{"first_name":"신디","last_name":"박","nickname":"Cindy","email_verified":true}'::jsonb,
     now(), now(), '', ''),

    ('a3333333-3333-3333-3333-333333333333', '00000000-0000-0000-0000-000000000000',
     'authenticated', 'authenticated', 'yeonoh@plow.dev',
     crypt('password123', gen_salt('bf')),
     now(), now(),
     '{"provider":"email","providers":["email"]}'::jsonb,
     '{"first_name":"연오","last_name":"고","nickname":"YO","email_verified":true}'::jsonb,
     now(), now(), '', ''),

    ('a4444444-4444-4444-4444-444444444444', '00000000-0000-0000-0000-000000000000',
     'authenticated', 'authenticated', 'hyunsoo@plow.dev',
     crypt('password123', gen_salt('bf')),
     now(), now(),
     '{"provider":"email","providers":["email"]}'::jsonb,
     '{"first_name":"현수","last_name":"박","nickname":"HS","email_verified":true}'::jsonb,
     now(), now(), '', ''),

    ('a5555555-5555-5555-5555-555555555555', '00000000-0000-0000-0000-000000000000',
     'authenticated', 'authenticated', 'seungyeon@plow.dev',
     crypt('password123', gen_salt('bf')),
     now(), now(),
     '{"provider":"email","providers":["email"]}'::jsonb,
     '{"first_name":"승연","last_name":"진","nickname":"SY","email_verified":true}'::jsonb,
     now(), now(), '', ''),

    ('a6666666-6666-6666-6666-666666666666', '00000000-0000-0000-0000-000000000000',
     'authenticated', 'authenticated', 'miso@plow.dev',
     crypt('password123', gen_salt('bf')),
     now(), now(),
     '{"provider":"email","providers":["email"]}'::jsonb,
     '{"first_name":"미소","last_name":"김","nickname":"Miso","email_verified":true}'::jsonb,
     now(), now(), '', '');

-- auth.identities (Supabase Auth가 요구하는 identity 레코드)
INSERT INTO auth.identities (
    id, user_id, provider_id, provider, identity_data, last_sign_in_at, created_at, updated_at
) VALUES
    (gen_random_uuid(), 'a1111111-1111-1111-1111-111111111111', 'a1111111-1111-1111-1111-111111111111', 'email',
     '{"sub":"a1111111-1111-1111-1111-111111111111","email":"minjae@plow.dev","email_verified":true}'::jsonb, now(), now(), now()),
    (gen_random_uuid(), 'a2222222-2222-2222-2222-222222222222', 'a2222222-2222-2222-2222-222222222222', 'email',
     '{"sub":"a2222222-2222-2222-2222-222222222222","email":"cindy@plow.dev","email_verified":true}'::jsonb, now(), now(), now()),
    (gen_random_uuid(), 'a3333333-3333-3333-3333-333333333333', 'a3333333-3333-3333-3333-333333333333', 'email',
     '{"sub":"a3333333-3333-3333-3333-333333333333","email":"yeonoh@plow.dev","email_verified":true}'::jsonb, now(), now(), now()),
    (gen_random_uuid(), 'a4444444-4444-4444-4444-444444444444', 'a4444444-4444-4444-4444-444444444444', 'email',
     '{"sub":"a4444444-4444-4444-4444-444444444444","email":"hyunsoo@plow.dev","email_verified":true}'::jsonb, now(), now(), now()),
    (gen_random_uuid(), 'a5555555-5555-5555-5555-555555555555', 'a5555555-5555-5555-5555-555555555555', 'email',
     '{"sub":"a5555555-5555-5555-5555-555555555555","email":"seungyeon@plow.dev","email_verified":true}'::jsonb, now(), now(), now()),
    (gen_random_uuid(), 'a6666666-6666-6666-6666-666666666666', 'a6666666-6666-6666-6666-666666666666', 'email',
     '{"sub":"a6666666-6666-6666-6666-666666666666","email":"miso@plow.dev","email_verified":true}'::jsonb, now(), now(), now());

-- public.users 추가 필드 업데이트 (트리거가 기본값만 넣으므로)
UPDATE public.users SET job_title = 'CEO'                  WHERE id = 'a1111111-1111-1111-1111-111111111111';
UPDATE public.users SET job_title = 'Frontend Lead'        WHERE id = 'a2222222-2222-2222-2222-222222222222';
UPDATE public.users SET job_title = 'Backend Lead'         WHERE id = 'a3333333-3333-3333-3333-333333333333';
UPDATE public.users SET job_title = 'Product Designer'     WHERE id = 'a4444444-4444-4444-4444-444444444444';
UPDATE public.users SET job_title = 'Frontend Developer'   WHERE id = 'a5555555-5555-5555-5555-555555555555';
UPDATE public.users SET job_title = 'Backend Developer'    WHERE id = 'a6666666-6666-6666-6666-666666666666';


-- ────────────────────────────────────────────────────────────
-- 2. Organization (→ 트리거가 owner를 org_members에 자동 추가)
-- ────────────────────────────────────────────────────────────
INSERT INTO public.organizations (id, name, owner_id) VALUES
    ('b1111111-1111-1111-1111-111111111111', 'Plow Inc.', 'a1111111-1111-1111-1111-111111111111');

-- 나머지 멤버 추가 (owner는 트리거가 이미 추가함)
INSERT INTO public.organization_members (org_id, user_id, role) VALUES
    ('b1111111-1111-1111-1111-111111111111', 'a2222222-2222-2222-2222-222222222222', 'admin'),
    ('b1111111-1111-1111-1111-111111111111', 'a3333333-3333-3333-3333-333333333333', 'admin'),
    ('b1111111-1111-1111-1111-111111111111', 'a4444444-4444-4444-4444-444444444444', 'member'),
    ('b1111111-1111-1111-1111-111111111111', 'a5555555-5555-5555-5555-555555555555', 'member'),
    ('b1111111-1111-1111-1111-111111111111', 'a6666666-6666-6666-6666-666666666666', 'member');


-- ────────────────────────────────────────────────────────────
-- 3. (removed) Teams — domain no longer exists. Projects now belong
--    directly to an Organization via projects.org_id.
-- ────────────────────────────────────────────────────────────


-- ────────────────────────────────────────────────────────────
-- 4. Projects (→ 트리거가 lead를 project_members에 자동 추가)
-- ────────────────────────────────────────────────────────────
INSERT INTO public.projects (id, org_id, name, description, lead_id, status, budget) VALUES
    ('d1111111-1111-1111-1111-111111111111',
     'b1111111-1111-1111-1111-111111111111',
     'PLOW 웹 대시보드',
     '프로젝트 관리 대시보드 UI 구현. Nextron 기반 데스크탑 앱.',
     'a2222222-2222-2222-2222-222222222222', 'in_progress', 50000000),

    ('d2222222-2222-2222-2222-222222222222',
     'b1111111-1111-1111-1111-111111111111',
     'PLOW API 서버',
     'FastAPI 기반 AI 파이프라인 서버. 회의 처리, RAG, Agent 메모리.',
     'a3333333-3333-3333-3333-333333333333', 'in_progress', 30000000),

    ('d3333333-3333-3333-3333-333333333333',
     'b1111111-1111-1111-1111-111111111111',
     'PLOW 모바일 앱',
     'React Native 모바일 클라이언트. 알림, 간편 task 관리.',
     'a2222222-2222-2222-2222-222222222222', 'planned', NULL);

-- 추가 project members (lead는 트리거가 이미 추가함)
INSERT INTO public.project_members (project_id, user_id, role) VALUES
    -- 웹 대시보드: 서연(lead, 자동), 하은, 동현, 민준(viewer)
    ('d1111111-1111-1111-1111-111111111111', 'a4444444-4444-4444-4444-444444444444', 'editor'),
    ('d1111111-1111-1111-1111-111111111111', 'a5555555-5555-5555-5555-555555555555', 'editor'),
    ('d1111111-1111-1111-1111-111111111111', 'a1111111-1111-1111-1111-111111111111', 'readonly'),
    -- API 서버: 준혁(lead, 자동), 수빈, 민준(viewer)
    ('d2222222-2222-2222-2222-222222222222', 'a6666666-6666-6666-6666-666666666666', 'editor'),
    ('d2222222-2222-2222-2222-222222222222', 'a1111111-1111-1111-1111-111111111111', 'readonly'),
    -- 모바일 앱: 서연(lead, 자동), 동현
    ('d3333333-3333-3333-3333-333333333333', 'a5555555-5555-5555-5555-555555555555', 'editor');


-- ────────────────────────────────────────────────────────────
-- 5. Kanban Columns (프로젝트별 4개 기본 컬럼)
-- ────────────────────────────────────────────────────────────
INSERT INTO public.kanban_columns (id, project_id, name, "order") VALUES
    -- 웹 대시보드
    ('e1000001-0000-0000-0000-000000000001', 'd1111111-1111-1111-1111-111111111111', 'Todo', 0),
    ('e1000002-0000-0000-0000-000000000001', 'd1111111-1111-1111-1111-111111111111', 'In Progress', 1),
    ('e1000003-0000-0000-0000-000000000001', 'd1111111-1111-1111-1111-111111111111', 'Review', 2),
    ('e1000004-0000-0000-0000-000000000001', 'd1111111-1111-1111-1111-111111111111', 'Done', 3),
    -- API 서버
    ('e1000001-0000-0000-0000-000000000002', 'd2222222-2222-2222-2222-222222222222', 'Todo', 0),
    ('e1000002-0000-0000-0000-000000000002', 'd2222222-2222-2222-2222-222222222222', 'In Progress', 1),
    ('e1000003-0000-0000-0000-000000000002', 'd2222222-2222-2222-2222-222222222222', 'Review', 2),
    ('e1000004-0000-0000-0000-000000000002', 'd2222222-2222-2222-2222-222222222222', 'Done', 3),
    -- 모바일 앱
    ('e1000001-0000-0000-0000-000000000003', 'd3333333-3333-3333-3333-333333333333', 'Todo', 0),
    ('e1000002-0000-0000-0000-000000000003', 'd3333333-3333-3333-3333-333333333333', 'In Progress', 1),
    ('e1000003-0000-0000-0000-000000000003', 'd3333333-3333-3333-3333-333333333333', 'Review', 2),
    ('e1000004-0000-0000-0000-000000000003', 'd3333333-3333-3333-3333-333333333333', 'Done', 3);


-- ────────────────────────────────────────────────────────────
-- 6. Tasks
-- ────────────────────────────────────────────────────────────

-- === 프로젝트 1: PLOW 웹 대시보드 ===

-- T1: 로그인/회원가입 페이지 (Done)
INSERT INTO public.tasks (id, project_id, title, description, status, priority, start_date, due_date, kanban_column_id, created_by) VALUES
    ('f1000001-0000-0000-0000-000000000001', 'd1111111-1111-1111-1111-111111111111',
     '로그인/회원가입 페이지 구현',
     'Supabase Auth 연동 포함. 이메일 + OAuth(Google, Apple) 지원.',
     'done', 'high', '2026-03-15', '2026-03-22',
     'e1000004-0000-0000-0000-000000000001', 'a2222222-2222-2222-2222-222222222222');

-- T2: 사이드바 & 헤더 레이아웃 (Done)
INSERT INTO public.tasks (id, project_id, title, description, status, priority, start_date, due_date, kanban_column_id, created_by) VALUES
    ('f1000002-0000-0000-0000-000000000001', 'd1111111-1111-1111-1111-111111111111',
     '사이드바 & 헤더 레이아웃',
     'AuthLayout 구조. 고정 사이드바(300px), 헤더(103px). 라우팅 연결.',
     'done', 'high', '2026-03-20', '2026-03-25',
     'e1000004-0000-0000-0000-000000000001', 'a2222222-2222-2222-2222-222222222222');

-- T3: 개인 대시보드 페이지 (In Progress)
INSERT INTO public.tasks (id, project_id, title, description, status, priority, start_date, due_date, kanban_column_id, created_by) VALUES
    ('f1000003-0000-0000-0000-000000000001', 'd1111111-1111-1111-1111-111111111111',
     '개인 대시보드 페이지',
     '프로젝트 overview, 미완료 action items, 캘린더, AI follow-up 영역.',
     'in_progress', 'high', '2026-03-28', '2026-04-10',
     'e1000002-0000-0000-0000-000000000001', 'a2222222-2222-2222-2222-222222222222');

    -- T3의 subtask들
    INSERT INTO public.tasks (id, project_id, parent_task_id, title, status, priority, due_date, kanban_column_id, created_by) VALUES
        ('f1000003-0001-0000-0000-000000000001', 'd1111111-1111-1111-1111-111111111111',
         'f1000003-0000-0000-0000-000000000001',
         'Projects Overview 컴포넌트', 'done', 'medium', '2026-04-03',
         'e1000004-0000-0000-0000-000000000001', 'a5555555-5555-5555-5555-555555555555'),

        ('f1000003-0002-0000-0000-000000000001', 'd1111111-1111-1111-1111-111111111111',
         'f1000003-0000-0000-0000-000000000001',
         'Pending Action Items 컴포넌트', 'in_progress', 'medium', '2026-04-08',
         'e1000002-0000-0000-0000-000000000001', 'a5555555-5555-5555-5555-555555555555'),

        ('f1000003-0003-0000-0000-000000000001', 'd1111111-1111-1111-1111-111111111111',
         'f1000003-0000-0000-0000-000000000001',
         'DB 데이터 바인딩', 'planned', 'high', '2026-04-10',
         'e1000001-0000-0000-0000-000000000001', 'a2222222-2222-2222-2222-222222222222');

-- T4: 칸반 보드 구현 (In Progress)
INSERT INTO public.tasks (id, project_id, title, description, status, priority, start_date, due_date, kanban_column_id, created_by) VALUES
    ('f1000004-0000-0000-0000-000000000001', 'd1111111-1111-1111-1111-111111111111',
     '칸반 보드 구현',
     '드래그 앤 드롭, 컬럼 관리, Task 카드 CRUD. react-beautiful-dnd 또는 dnd-kit 사용.',
     'in_progress', 'urgent', '2026-04-01', '2026-04-15',
     'e1000002-0000-0000-0000-000000000001', 'a2222222-2222-2222-2222-222222222222');

-- T5: 캘린더 뷰 (Review)
INSERT INTO public.tasks (id, project_id, title, description, status, priority, start_date, due_date, kanban_column_id, created_by) VALUES
    ('f1000005-0000-0000-0000-000000000001', 'd1111111-1111-1111-1111-111111111111',
     '캘린더 뷰 구현',
     'Task + Meeting UNION 쿼리 기반 월/주/일 캘린더. 이벤트 클릭 시 상세 모달.',
     'review', 'medium', '2026-03-25', '2026-04-05',
     'e1000003-0000-0000-0000-000000000001', 'a5555555-5555-5555-5555-555555555555');

-- T6: 회의록 페이지 (Todo)
INSERT INTO public.tasks (id, project_id, title, description, status, priority, start_date, due_date, kanban_column_id, created_by) VALUES
    ('f1000006-0000-0000-0000-000000000001', 'd1111111-1111-1111-1111-111111111111',
     '회의록 페이지 구현',
     '회의 목록, 새 회의 생성, 녹음 UI, 요약/결정사항/액션아이템 뷰.',
     'planned', 'high', '2026-04-14', '2026-04-28',
     'e1000001-0000-0000-0000-000000000001', 'a2222222-2222-2222-2222-222222222222');

-- T7: Knowledge Base 페이지 (Todo)
INSERT INTO public.tasks (id, project_id, title, description, status, priority, start_date, due_date, kanban_column_id, created_by) VALUES
    ('f1000007-0000-0000-0000-000000000001', 'd1111111-1111-1111-1111-111111111111',
     'Knowledge Base 페이지',
     '문서 업로드, 목록, 검색. Supabase Storage 연동.',
     'planned', 'medium', '2026-04-20', '2026-05-05',
     'e1000001-0000-0000-0000-000000000001', 'a4444444-4444-4444-4444-444444444444');

-- T8: 디자인 시스템 정리 (In Progress)
INSERT INTO public.tasks (id, project_id, title, description, status, priority, start_date, due_date, kanban_column_id, created_by) VALUES
    ('f1000008-0000-0000-0000-000000000001', 'd1111111-1111-1111-1111-111111111111',
     '디자인 시스템 & 컴포넌트 라이브러리',
     'Button, Input, Modal, Card 등 공통 컴포넌트 정리. Tailwind 테마 토큰화.',
     'in_progress', 'medium', '2026-03-20', '2026-04-15',
     'e1000002-0000-0000-0000-000000000001', 'a4444444-4444-4444-4444-444444444444');


-- === 프로젝트 2: PLOW API 서버 ===

-- T9: FastAPI 프로젝트 세팅 (Done)
INSERT INTO public.tasks (id, project_id, title, description, status, priority, start_date, due_date, kanban_column_id, created_by) VALUES
    ('f2000001-0000-0000-0000-000000000002', 'd2222222-2222-2222-2222-222222222222',
     'FastAPI 프로젝트 초기 세팅',
     'pyproject.toml, asyncpg 연결 풀, 환경변수, 라우터 구조, 헬스체크.',
     'done', 'urgent', '2026-03-18', '2026-03-22',
     'e1000004-0000-0000-0000-000000000002', 'a3333333-3333-3333-3333-333333333333');

-- T10: 회의 처리 파이프라인 (In Progress)
INSERT INTO public.tasks (id, project_id, title, description, status, priority, start_date, due_date, kanban_column_id, created_by) VALUES
    ('f2000002-0000-0000-0000-000000000002', 'd2222222-2222-2222-2222-222222222222',
     '회의 처리 파이프라인 구현',
     '녹음 → STT(Whisper) → 화자분리 → 요약(Claude) → Decision/Action 추출.',
     'in_progress', 'urgent', '2026-04-01', '2026-04-20',
     'e1000002-0000-0000-0000-000000000002', 'a3333333-3333-3333-3333-333333333333');

    -- T10 subtasks
    INSERT INTO public.tasks (id, project_id, parent_task_id, title, status, priority, due_date, kanban_column_id, created_by) VALUES
        ('f2000002-0001-0000-0000-000000000002', 'd2222222-2222-2222-2222-222222222222',
         'f2000002-0000-0000-0000-000000000002',
         'STT 연동 (Whisper API)', 'done', 'urgent', '2026-04-08',
         'e1000004-0000-0000-0000-000000000002', 'a6666666-6666-6666-6666-666666666666'),

        ('f2000002-0002-0000-0000-000000000002', 'd2222222-2222-2222-2222-222222222222',
         'f2000002-0000-0000-0000-000000000002',
         '화자 분리 (Speaker Diarization)', 'in_progress', 'high', '2026-04-14',
         'e1000002-0000-0000-0000-000000000002', 'a6666666-6666-6666-6666-666666666666'),

        ('f2000002-0003-0000-0000-000000000002', 'd2222222-2222-2222-2222-222222222222',
         'f2000002-0000-0000-0000-000000000002',
         'LLM 요약 & Decision 추출', 'planned', 'high', '2026-04-18',
         'e1000001-0000-0000-0000-000000000002', 'a3333333-3333-3333-3333-333333333333');

-- T11: RAG 파이프라인 (Todo)
INSERT INTO public.tasks (id, project_id, title, description, status, priority, start_date, due_date, kanban_column_id, created_by) VALUES
    ('f2000003-0000-0000-0000-000000000002', 'd2222222-2222-2222-2222-222222222222',
     'RAG 파이프라인 구현',
     'KnowledgeChunk 임베딩 생성, pgvector 유사도 검색, 컨텍스트 조립.',
     'planned', 'high', '2026-04-15', '2026-04-30',
     'e1000001-0000-0000-0000-000000000002', 'a3333333-3333-3333-3333-333333333333');

-- T12: Agent 챗 API (Todo)
INSERT INTO public.tasks (id, project_id, title, description, status, priority, start_date, due_date, kanban_column_id, created_by) VALUES
    ('f2000004-0000-0000-0000-000000000002', 'd2222222-2222-2222-2222-222222222222',
     'Agent 챗 API 구현',
     'Personal Agent + Project Agent. 4계층 메모리 조회, function calling, 스트리밍 응답.',
     'planned', 'high', '2026-04-20', '2026-05-10',
     'e1000001-0000-0000-0000-000000000002', 'a3333333-3333-3333-3333-333333333333');


-- === 프로젝트 3: PLOW 모바일 앱 ===

-- T13: 기술 조사 (Todo)
INSERT INTO public.tasks (id, project_id, title, description, status, priority, start_date, due_date, kanban_column_id, created_by) VALUES
    ('f3000001-0000-0000-0000-000000000003', 'd3333333-3333-3333-3333-333333333333',
     'React Native vs Flutter 기술 검토',
     '성능, 생태계, Supabase 호환성, 팀 역량 기준으로 비교.',
     'planned', 'medium', '2026-05-01', '2026-05-10',
     'e1000001-0000-0000-0000-000000000003', 'a2222222-2222-2222-2222-222222222222');


-- === 개인 Task (project_id=NULL — assignees only) ===

-- 김민준의 개인 task
INSERT INTO public.tasks (id, title, description, status, priority, due_date, created_by) VALUES
    ('f0000001-0000-0000-0000-000000000000', '투자자 미팅 준비',
     'Series A 투자 미팅 발표자료 정리', 'in_progress', 'urgent', '2026-04-18',
     'a1111111-1111-1111-1111-111111111111');

-- 이서연의 개인 task
INSERT INTO public.tasks (id, title, description, status, priority, due_date, created_by) VALUES
    ('f0000002-0000-0000-0000-000000000000', 'Next.js 16 마이그레이션 가이드 작성',
     '팀원 온보딩용 문서', 'planned', 'low', '2026-04-25',
     'a2222222-2222-2222-2222-222222222222');


-- ────────────────────────────────────────────────────────────
-- 7. Task Assignees
-- ────────────────────────────────────────────────────────────
INSERT INTO public.task_assignees (task_id, user_id, role, assigned_by) VALUES
    -- T1: 로그인 페이지
    ('f1000001-0000-0000-0000-000000000001', 'a5555555-5555-5555-5555-555555555555', 'owner', 'a2222222-2222-2222-2222-222222222222'),
    ('f1000001-0000-0000-0000-000000000001', 'a2222222-2222-2222-2222-222222222222', 'reviewer', 'a2222222-2222-2222-2222-222222222222'),

    -- T2: 사이드바 & 헤더
    ('f1000002-0000-0000-0000-000000000001', 'a5555555-5555-5555-5555-555555555555', 'owner', 'a2222222-2222-2222-2222-222222222222'),
    ('f1000002-0000-0000-0000-000000000001', 'a4444444-4444-4444-4444-444444444444', 'contributor', 'a2222222-2222-2222-2222-222222222222'),

    -- T3: 개인 대시보드
    ('f1000003-0000-0000-0000-000000000001', 'a2222222-2222-2222-2222-222222222222', 'owner', 'a2222222-2222-2222-2222-222222222222'),
    ('f1000003-0000-0000-0000-000000000001', 'a5555555-5555-5555-5555-555555555555', 'contributor', 'a2222222-2222-2222-2222-222222222222'),
    -- T3 subtasks
    ('f1000003-0001-0000-0000-000000000001', 'a5555555-5555-5555-5555-555555555555', 'owner', 'a2222222-2222-2222-2222-222222222222'),
    ('f1000003-0002-0000-0000-000000000001', 'a5555555-5555-5555-5555-555555555555', 'owner', 'a2222222-2222-2222-2222-222222222222'),
    ('f1000003-0003-0000-0000-000000000001', 'a2222222-2222-2222-2222-222222222222', 'owner', 'a2222222-2222-2222-2222-222222222222'),

    -- T4: 칸반 보드
    ('f1000004-0000-0000-0000-000000000001', 'a2222222-2222-2222-2222-222222222222', 'owner', 'a2222222-2222-2222-2222-222222222222'),
    ('f1000004-0000-0000-0000-000000000001', 'a5555555-5555-5555-5555-555555555555', 'contributor', 'a2222222-2222-2222-2222-222222222222'),

    -- T5: 캘린더 뷰
    ('f1000005-0000-0000-0000-000000000001', 'a5555555-5555-5555-5555-555555555555', 'owner', 'a2222222-2222-2222-2222-222222222222'),
    ('f1000005-0000-0000-0000-000000000001', 'a2222222-2222-2222-2222-222222222222', 'reviewer', 'a2222222-2222-2222-2222-222222222222'),

    -- T6: 회의록 페이지
    ('f1000006-0000-0000-0000-000000000001', 'a2222222-2222-2222-2222-222222222222', 'owner', 'a2222222-2222-2222-2222-222222222222'),
    ('f1000006-0000-0000-0000-000000000001', 'a4444444-4444-4444-4444-444444444444', 'contributor', 'a2222222-2222-2222-2222-222222222222'),

    -- T7: Knowledge Base
    ('f1000007-0000-0000-0000-000000000001', 'a4444444-4444-4444-4444-444444444444', 'owner', 'a2222222-2222-2222-2222-222222222222'),
    ('f1000007-0000-0000-0000-000000000001', 'a5555555-5555-5555-5555-555555555555', 'contributor', 'a2222222-2222-2222-2222-222222222222'),

    -- T8: 디자인 시스템
    ('f1000008-0000-0000-0000-000000000001', 'a4444444-4444-4444-4444-444444444444', 'owner', 'a2222222-2222-2222-2222-222222222222'),
    ('f1000008-0000-0000-0000-000000000001', 'a2222222-2222-2222-2222-222222222222', 'reviewer', 'a2222222-2222-2222-2222-222222222222'),

    -- T9: FastAPI 세팅
    ('f2000001-0000-0000-0000-000000000002', 'a3333333-3333-3333-3333-333333333333', 'owner', 'a3333333-3333-3333-3333-333333333333'),
    ('f2000001-0000-0000-0000-000000000002', 'a6666666-6666-6666-6666-666666666666', 'contributor', 'a3333333-3333-3333-3333-333333333333'),

    -- T10: 회의 처리 파이프라인
    ('f2000002-0000-0000-0000-000000000002', 'a3333333-3333-3333-3333-333333333333', 'owner', 'a3333333-3333-3333-3333-333333333333'),
    ('f2000002-0000-0000-0000-000000000002', 'a6666666-6666-6666-6666-666666666666', 'contributor', 'a3333333-3333-3333-3333-333333333333'),
    -- T10 subtasks
    ('f2000002-0001-0000-0000-000000000002', 'a6666666-6666-6666-6666-666666666666', 'owner', 'a3333333-3333-3333-3333-333333333333'),
    ('f2000002-0002-0000-0000-000000000002', 'a6666666-6666-6666-6666-666666666666', 'owner', 'a3333333-3333-3333-3333-333333333333'),
    ('f2000002-0003-0000-0000-000000000002', 'a3333333-3333-3333-3333-333333333333', 'owner', 'a3333333-3333-3333-3333-333333333333'),

    -- T11: RAG
    ('f2000003-0000-0000-0000-000000000002', 'a3333333-3333-3333-3333-333333333333', 'owner', 'a3333333-3333-3333-3333-333333333333'),

    -- T12: Agent 챗
    ('f2000004-0000-0000-0000-000000000002', 'a3333333-3333-3333-3333-333333333333', 'owner', 'a3333333-3333-3333-3333-333333333333'),
    ('f2000004-0000-0000-0000-000000000002', 'a6666666-6666-6666-6666-666666666666', 'contributor', 'a3333333-3333-3333-3333-333333333333'),

    -- T13: 모바일 기술 검토
    ('f3000001-0000-0000-0000-000000000003', 'a2222222-2222-2222-2222-222222222222', 'owner', 'a2222222-2222-2222-2222-222222222222'),
    ('f3000001-0000-0000-0000-000000000003', 'a5555555-5555-5555-5555-555555555555', 'contributor', 'a2222222-2222-2222-2222-222222222222'),

    -- 개인 tasks
    ('f0000001-0000-0000-0000-000000000000', 'a1111111-1111-1111-1111-111111111111', 'owner', 'a1111111-1111-1111-1111-111111111111'),
    ('f0000002-0000-0000-0000-000000000000', 'a2222222-2222-2222-2222-222222222222', 'owner', 'a2222222-2222-2222-2222-222222222222');


-- ────────────────────────────────────────────────────────────
-- 8. Meetings
-- ────────────────────────────────────────────────────────────

-- M1: 웹 대시보드 스프린트 리뷰 (processed)
INSERT INTO public.meetings (id, project_id, name, scheduled_at, duration_min, location_or_url, status, created_by) VALUES
    ('11111111-aaaa-0000-0000-000000000001', 'd1111111-1111-1111-1111-111111111111',
     '스프린트 3 리뷰', '2026-04-07 14:00:00+09', 60,
     'https://meet.google.com/abc-defg-hij', 'processed',
     'a2222222-2222-2222-2222-222222222222');

-- M2: API 서버 설계 회의 (processed)
INSERT INTO public.meetings (id, project_id, name, scheduled_at, duration_min, location_or_url, status, created_by) VALUES
    ('11111111-aaaa-0000-0000-000000000002', 'd2222222-2222-2222-2222-222222222222',
     'Agent 메모리 설계 논의', '2026-04-09 10:00:00+09', 90,
     '회의실 A', 'processed',
     'a3333333-3333-3333-3333-333333333333');

-- M3: 웹 대시보드 다음 스프린트 계획 (planned, 예정)
INSERT INTO public.meetings (id, project_id, name, scheduled_at, duration_min, location_or_url, status, created_by) VALUES
    ('11111111-aaaa-0000-0000-000000000003', 'd1111111-1111-1111-1111-111111111111',
     '스프린트 4 플래닝', '2026-04-14 14:00:00+09', 60,
     'https://meet.google.com/xyz-uvwx-yz', 'planned',
     'a2222222-2222-2222-2222-222222222222');

-- M4: 전체 프로젝트 상황 공유 (planned)
INSERT INTO public.meetings (id, project_id, name, scheduled_at, duration_min, location_or_url, status, created_by) VALUES
    ('11111111-aaaa-0000-0000-000000000004', 'd1111111-1111-1111-1111-111111111111',
     '주간 전체 싱크', '2026-04-16 10:00:00+09', 45,
     'https://meet.google.com/qqq-wwww-eee', 'planned',
     'a1111111-1111-1111-1111-111111111111');


-- ────────────────────────────────────────────────────────────
-- 9. Meeting Attendees
-- ────────────────────────────────────────────────────────────
INSERT INTO public.meeting_attendees (meeting_id, user_id, attendance) VALUES
    -- M1: 스프린트 3 리뷰
    ('11111111-aaaa-0000-0000-000000000001', 'a2222222-2222-2222-2222-222222222222', 'attended'),
    ('11111111-aaaa-0000-0000-000000000001', 'a4444444-4444-4444-4444-444444444444', 'attended'),
    ('11111111-aaaa-0000-0000-000000000001', 'a5555555-5555-5555-5555-555555555555', 'attended'),
    ('11111111-aaaa-0000-0000-000000000001', 'a1111111-1111-1111-1111-111111111111', 'absent'),

    -- M2: Agent 메모리 설계
    ('11111111-aaaa-0000-0000-000000000002', 'a3333333-3333-3333-3333-333333333333', 'attended'),
    ('11111111-aaaa-0000-0000-000000000002', 'a6666666-6666-6666-6666-666666666666', 'attended'),
    ('11111111-aaaa-0000-0000-000000000002', 'a1111111-1111-1111-1111-111111111111', 'attended'),

    -- M3: 스프린트 4 플래닝 (예정)
    ('11111111-aaaa-0000-0000-000000000003', 'a2222222-2222-2222-2222-222222222222', 'invited'),
    ('11111111-aaaa-0000-0000-000000000003', 'a4444444-4444-4444-4444-444444444444', 'invited'),
    ('11111111-aaaa-0000-0000-000000000003', 'a5555555-5555-5555-5555-555555555555', 'invited'),

    -- M4: 주간 전체 싱크 (예정)
    ('11111111-aaaa-0000-0000-000000000004', 'a1111111-1111-1111-1111-111111111111', 'invited'),
    ('11111111-aaaa-0000-0000-000000000004', 'a2222222-2222-2222-2222-222222222222', 'invited'),
    ('11111111-aaaa-0000-0000-000000000004', 'a3333333-3333-3333-3333-333333333333', 'invited'),
    ('11111111-aaaa-0000-0000-000000000004', 'a4444444-4444-4444-4444-444444444444', 'invited');


-- ────────────────────────────────────────────────────────────
-- 10. Meeting Agendas
-- ────────────────────────────────────────────────────────────
INSERT INTO public.meeting_agendas (id, meeting_id, "order", title, summary, generated_by_ai) VALUES
    -- M1: 스프린트 3 리뷰
    (gen_random_uuid(), '11111111-aaaa-0000-0000-000000000001', 1,
     '로그인/회원가입 페이지 데모', '이메일 로그인 및 OAuth 버튼 UI 완성. Supabase Auth 연동은 다음 스프린트.', false),
    (gen_random_uuid(), '11111111-aaaa-0000-0000-000000000001', 2,
     '사이드바/헤더 컴포넌트 리뷰', '디자인 가이드라인 반영 완료. 반응형은 추후 처리.', false),
    (gen_random_uuid(), '11111111-aaaa-0000-0000-000000000001', 3,
     '다음 스프린트 우선순위', '칸반 보드 구현을 최우선으로 결정. 개인 대시보드 DB 연동도 병행.', false),

    -- M2: Agent 메모리 설계
    (gen_random_uuid(), '11111111-aaaa-0000-0000-000000000002', 1,
     '4계층 메모리 구조 확정', 'Working, Episodic, Semantic, Reflective 4계층으로 확정. Reflective는 주기적 cron으로 생성.', false),
    (gen_random_uuid(), '11111111-aaaa-0000-0000-000000000002', 2,
     'RAG 파이프라인 설계', 'KnowledgeChunk 단일 테이블 + source_type으로 다형성 처리. HNSW 인덱스 사용.', false),

    -- M3: 스프린트 4 플래닝 (AI 추천 안건)
    (gen_random_uuid(), '11111111-aaaa-0000-0000-000000000003', 1,
     '칸반 보드 진행 상황 점검', NULL, true),
    (gen_random_uuid(), '11111111-aaaa-0000-0000-000000000003', 2,
     '회의록 페이지 스펙 확정', NULL, true),
    (gen_random_uuid(), '11111111-aaaa-0000-0000-000000000003', 3,
     'DB 연동 작업 배분', NULL, true);


-- ────────────────────────────────────────────────────────────
-- 11. Meeting Minutes (processed 회의에 대해)
-- ────────────────────────────────────────────────────────────
INSERT INTO public.meeting_minutes (id, meeting_id, summary, full_text, processed_at) VALUES
    -- M1 회의록
    (gen_random_uuid(), '11111111-aaaa-0000-0000-000000000001',
     '스프린트 3에서 로그인/회원가입 UI와 사이드바/헤더 레이아웃이 완성되었다. Auth 연동은 다음 스프린트로 이월. 칸반 보드 구현이 최우선 과제로 결정됨. 디자인 시스템 정리도 병행하기로 함.',
     '신디: 이번 스프린트에서 로그인 페이지와 회원가입 페이지 UI를 완성했습니다. OAuth 버튼도 들어갔는데 실제 연동은 아직입니다.
승연: 사이드바랑 헤더도 다 했습니다. 라우팅도 연결했고요.
현수: 디자인 토큰 정리가 좀 밀렸는데 다음주까지는 마무리할게요.
신디: 다음 스프린트에서는 칸반 보드를 최우선으로 하죠. DB 연동도 시작해야 합니다.
승연: 넵, 칸반 보드 드래그앤드롭부터 잡겠습니다.',
     '2026-04-07 15:10:00+09'),

    -- M2 회의록
    (gen_random_uuid(), '11111111-aaaa-0000-0000-000000000002',
     'Agent 메모리를 4계층(Working, Episodic, Semantic, Reflective)으로 확정했다. RAG는 KnowledgeChunk 단일 테이블로 통합하고 HNSW 인덱스를 사용한다. Reflective 메모리는 매일 자정 + 회의 처리 직후에 생성한다.',
     '연오: 메모리 구조를 4계층으로 가져가는 건 확정으로 하죠. Working은 대화 히스토리, Episodic은 비즈니스 데이터 직접 조회.
미소: Semantic은 pgvector 기반 RAG, Reflective는 주기적 요약 맞죠?
연오: 네, Reflective는 status_summary, blocker, pattern, preference 네 가지 타입으로요.
민재: Reflection 생성 주기는?
연오: 매일 자정 cron이랑 회의 처리 직후 두 가지로 할게요. 실시간은 과하고요.
미소: RAG 인덱스는 HNSW로 가죠. IVFFlat보다 정확도가 낫습니다.',
     '2026-04-09 11:45:00+09');


-- ────────────────────────────────────────────────────────────
-- 12. Meeting Decisions
-- ────────────────────────────────────────────────────────────
INSERT INTO public.meeting_decisions (id, meeting_id, content, decided_by) VALUES
    -- M1 결정사항
    (gen_random_uuid(), '11111111-aaaa-0000-0000-000000000001',
     '칸반 보드 구현을 스프린트 4 최우선 과제로 한다.', 'a2222222-2222-2222-2222-222222222222'),
    (gen_random_uuid(), '11111111-aaaa-0000-0000-000000000001',
     'Supabase Auth 연동은 칸반 보드와 병행하여 스프린트 4에서 진행한다.', 'a2222222-2222-2222-2222-222222222222'),
    (gen_random_uuid(), '11111111-aaaa-0000-0000-000000000001',
     '디자인 시스템 토큰화를 4/15까지 완료한다.', 'a4444444-4444-4444-4444-444444444444'),

    -- M2 결정사항
    (gen_random_uuid(), '11111111-aaaa-0000-0000-000000000002',
     'Agent 메모리는 Working/Episodic/Semantic/Reflective 4계층으로 확정한다.', 'a3333333-3333-3333-3333-333333333333'),
    (gen_random_uuid(), '11111111-aaaa-0000-0000-000000000002',
     'RAG는 KnowledgeChunk 단일 테이블 + source_type 다형성으로 구현한다.', 'a3333333-3333-3333-3333-333333333333'),
    (gen_random_uuid(), '11111111-aaaa-0000-0000-000000000002',
     'AgentReflection 생성 주기: 매일 자정 cron + 회의 처리 직후.', 'a3333333-3333-3333-3333-333333333333');


-- ────────────────────────────────────────────────────────────
-- 13. Knowledge Documents
-- ────────────────────────────────────────────────────────────
INSERT INTO public.knowledge_documents (id, project_id, name, file_type, source, uploaded_by) VALUES
    (gen_random_uuid(), 'd1111111-1111-1111-1111-111111111111',
     'PLOW 와이어프레임 v2', 'figma', 'uploaded', 'a4444444-4444-4444-4444-444444444444'),
    (gen_random_uuid(), 'd1111111-1111-1111-1111-111111111111',
     '프론트엔드 컴포넌트 가이드', 'md', 'uploaded', 'a2222222-2222-2222-2222-222222222222'),
    (gen_random_uuid(), 'd2222222-2222-2222-2222-222222222222',
     'Agent 메모리 설계서', 'md', 'uploaded', 'a3333333-3333-3333-3333-333333333333'),
    (gen_random_uuid(), 'd2222222-2222-2222-2222-222222222222',
     'API 엔드포인트 명세 (초안)', 'md', 'uploaded', 'a3333333-3333-3333-3333-333333333333');
